experiment,base,data_version,training_finished,items,exact_match,execution_error,answer_mismatch,completed
exp-017-qwen3-17b,Qwen/Qwen3-1.7B,3,2026-09-24T13:57:32Z,705,442,152,111,553
exp-021-1.7b-qwen3-dv7,Qwen/Qwen3-1.7B,7,2026-09-25T15:44:50Z,705,460,57,188,648
exp-022-1.7b-qwen3-dv8,Qwen/Qwen3-1.7B,8,2026-09-25T20:45:14Z,705,448,135,122,570
exp-023-1.7b-qwen3-dv9,Qwen/Qwen3-1.7B,9,2026-09-26T00:58:17Z,705,428,92,185,613
exp-024-1.7b-qwen3-dv11,Qwen/Qwen3-1.7B,11,2026-09-26T11:28:52Z,705,439,112,154,593
exp-025-1.7b-qwen3-dv12,Qwen/Qwen3-1.7B,12,2026-09-26T16:45:07Z,705,432,136,137,569
exp-026-0.5b-qwen2.5coder-dv13,Qwen/Qwen2.5-Coder-0.5B-Instruct,13,2026-09-26T20:07:03Z,705,361,214,130,491
exp-027-1.7b-qwen3-dv13,Qwen/Qwen3-1.7B,13,2026-09-27T00:07:16Z,705,421,184,100,521
exp-014-deep-chains,Qwen/Qwen2.5-Coder-1.5B-Instruct,2,2026-09-23T17:10:57Z,705,379,201,125,504
exp-016-wires,Qwen/Qwen2.5-Coder-1.5B-Instruct,3,2026-09-24T08:14:49Z,705,440,175,90,530
